Revenue Retention Score,AR Score,Revenue Trend Score
100,100,95
100,100,89
96.71936,100,89
100,100,87
100,100,87
99.81353,100,87
92.4543,100,87
88.08433,100,87
77.0284,100,87
59.40501,100,87
100,100,84
100,100,84
100,100,84
100,100,84
98.15877,100,84
91.16444,100,84
87.94137,100,84
80.80172,100,84
100,100,81
100,100,81
100,100,81
100,100,81
100,100,81
100,100,81
100,100,81
100,49,81
100,100,81
100,100,81
100,100,81
100,100,81
100,100,81
100,100,81
100,100,81
100,100,81
100,100,81
100,100,81
100,100,81
100,100,81
100,100,81
100,100,81
100,100,81
99.12038,100,81
98.39658,100,81
98.37922,100,81
97.26093,100,81
96.90345,100,81
94.42838,100,81
93.03136,100,81
93.00269,100,81
92.56731,100,81
92.01788,100,81
89.99606,100,81
84.99281,100,81
64.74625,100,81
53.36172,100,81
100,100,78
100,100,78
100,100,78
100,100,78
100,100,78
100,100,78
100,100,78
100,100,78
100,100,78
100,100,78
100,100,78
100,100,78
100,100,78
100,100,78
100,100,78
100,100,78
100,100,78
100,100,78
100,100,78
100,100,78
100,100,78
100,100,78
100,100,78
100,100,78
100,100,78
100,87,78
100,100,78
100,100,78
100,100,78
100,0,78
100,100,78
100,100,78
100,80,78
100,100,78
100,100,78
100,100,78
100,100,78
100,100,78
100,100,78
100,100,78
100,100,78
100,100,78
99.97643,100,78
99.66212,100,78
99.04906,100,78
98.61612,100,78
96.55172,100,78
95.93936,100,78
95.214,100,78
95.10002,100,78
95.07559,100,78
94.55516,100,78
94.29223,100,78
94.10241,100,78
92.85404,100,78
92.77493,14,78
92.13609,100,78
90.94254,100,78
90.67975,100,78
90.32351,100,78
90.13705,100,78
90.10458,100,78
89.90292,100,78
89.51769,100,78
89.10181,100,78
88.83761,100,78
88.5163,100,78
88.2141,100,78
87.85558,100,78
87.57965,100,78
87.30161,100,78
86.87926,39,78
86.70912,100,78
85.88596,100,78
85.11646,100,78
84.063,100,78
83.65782,100,78
82.94379,100,78
82.65112,100,78
82.56414,100,78
82.40485,100,78
81.44153,100,78
79.54247,100,78
79.50967,100,78
79.49043,100,78
78.82497,100,78
78.12733,100,78
77.01119,100,78
74.98127,100,78
68.83541,100,78
68.09332,100,78
67.03481,100,78
65.63766,100,78
64.56083,100,78
35.84277,100,78
100,100,75
100,100,75
100,100,75
100,100,75
100,100,75
100,100,75
100,100,75
100,100,75
100,100,75
100,100,75
100,100,75
100,100,75
100,100,75
100,100,75
100,100,75
100,100,75
100,100,75
100,100,75
100,100,75
100,100,75
100,100,75
100,100,75
100,100,75
100,100,75
100,100,75
100,100,75
100,100,75
100,100,75
100,100,75
100,100,75
100,100,75
100,100,75
100,100,75
100,100,75
100,100,75
100,100,75
100,100,75
100,100,75
100,100,75
100,100,75
100,100,75
100,100,75
100,100,75
100,100,75
100,100,75
100,100,75
100,92,75
100,100,75
100,100,75
100,100,75
100,100,75
100,100,75
100,100,75
100,100,75
100,100,75
100,100,75
100,100,75
100,100,75
100,100,75
100,100,75
100,100,75
100,100,75
100,100,75
99.88098,100,75
99.75976,100,75
99.53309,100,75
99.20814,100,75
97.95374,100,75
97.83347,100,75
97.4482,100,75
97.36884,100,75
97.26421,100,75
97.26338,100,75
96.98863,100,75
96.56261,100,75
96.08784,100,75
95.98167,100,75
95.47818,100,75
94.71831,100,75
94.59183,100,75
94.54993,100,75
94.14713,100,75
93.38667,100,75
92.92331,100,75
92.87215,100,75
92.6465,100,75
92.304,100,75
92.02631,100,75
91.78817,100,75
91.35485,100,75
91.14938,100,75
91.14607,100,75
91.07883,100,75
90.59782,100,75
90.521,100,75
90.27586,100,75
89.9846,100,75
89.76492,100,75
89.73447,100,75
89.42423,100,75
89.37527,100,75
89.35693,100,75
89.26208,100,75
88.79243,0,75
88.59244,100,75
88.41301,56,75
88.17014,100,75
87.52973,100,75
87.30004,100,75
87.21048,100,75
87.18361,59,75
87.16725,100,75
86.93839,100,75
86.73689,100,75
86.5921,100,75
86.52928,100,75
86.44419,100,75
86.03481,100,75
84.79569,100,75
84.2392,100,75
84.19608,100,75
84.12631,100,75
84.00304,100,75
82.74006,74,75
82.06457,100,75
82.00843,78,75
82.002,100,75
79.2828,100,75
78.48901,100,75
78.4558,100,75
77.91537,100,75
76.8558,100,75
76.78641,100,75
75.32661,100,75
74.78493,100,75
73.9632,100,75
72.20026,100,75
71.41771,100,75
68.06989,100,75
66.91064,100,75
66.56992,100,75
65.99267,100,75
64.30176,100,75
61.29467,100,75
58.5574,100,75
57.27287,100,75
50.1841,100,75
49.82356,100,75
48.64212,100,75
47.27316,0,75
46.52905,100,75
38.32831,100,75
100,100,73
100,100,73
100,100,73
100,100,73
100,100,73
100,100,73
100,100,73
100,100,73
100,100,73
100,100,73
100,100,73
100,100,73
100,100,73
100,100,73
100,100,73
100,100,73
100,100,73
100,100,73
100,100,73
100,100,73
100,100,73
100,100,73
100,100,73
100,100,73
100,100,73
100,100,73
100,100,73
100,100,73
100,100,73
100,100,73
100,100,73
100,100,73
100,0,73
100,0,73
100,100,73
100,100,73
100,100,73
100,100,73
100,100,73
100,100,73
100,100,73
100,35,73
100,100,73
100,100,73
100,100,73
100,100,73
100,100,73
100,100,73
100,100,73
100,100,73
100,100,73
100,100,73
100,100,73
100,100,73
100,100,73
100,100,73
100,100,73
100,100,73
100,100,73
100,100,73
100,100,73
100,100,73
100,100,73
100,100,73
100,100,73
100,100,73
100,100,73
100,100,73
100,100,73
100,100,73
100,100,73
100,100,73
100,100,73
100,100,73
100,100,73
100,100,73
100,100,73
100,100,73
100,100,73
100,100,73
100,100,73
100,100,73
100,100,73
100,100,73
100,100,73
100,100,73
100,100,73
100,0,73
100,100,73
100,39,73
100,100,73
100,100,73
100,100,73
100,100,73
100,100,73
100,100,73
100,100,73
100,100,73
100,100,73
100,100,73
100,100,73
100,100,73
100,100,73
100,100,73
100,100,73
100,100,73
100,100,73
100,100,73
100,100,73
100,100,73
100,100,73
100,100,73
100,100,73
100,100,73
100,100,73
100,100,73
100,100,73
100,100,73
100,100,73
100,100,73
100,100,73
100,100,73
100,16,73
100,100,73
100,100,73
100,100,73
99.85587,100,73
99.77568,100,73
99.76105,100,73
99.68346,100,73
99.62949,100,73
99.619,100,73
99.45655,100,73
99.15763,100,73
98.73403,100,73
98.605,100,73
98.49445,100,73
98.40661,100,73
98.05759,100,73
97.92078,100,73
97.59051,100,73
97.37885,100,73
97.3307,100,73
97.18232,100,73
97.04482,100,73
97.02684,100,73
96.79401,100,73
96.56597,100,73
96.53846,100,73
96.3718,100,73
96.31748,100,73
96.23346,100,73
96.07643,100,73
95.91102,100,73
95.72997,100,73
95.48165,100,73
95.31421,100,73
95.22041,100,73
95.03963,21,73
94.64121,100,73
94.61428,100,73
94.07974,100,73
93.40327,100,73
93.29705,100,73
93.12139,100,73
93.08041,100,73
92.88405,100,73
92.8124,100,73
92.46497,100,73
92.397,100,73
92.37885,100,73
92.15027,100,73
92.03074,100,73
92.00375,100,73
91.83713,100,73
91.78835,100,73
91.65554,100,73
91.48896,100,73
91.21169,100,73
91.07452,100,73
90.97744,100,73
90.79539,100,73
90.72108,100,73
90.34525,100,73
90.23753,100,73
90.22095,100,73
89.75213,100,73
89.72307,100,73
89.62792,100,73
89.56447,100,73
89.51761,100,73
89.39213,100,73
89.07249,100,73
88.93396,100,73
88.67149,100,73
88.382,100,73
88.34306,98,73
88.29536,100,73
88.28284,100,73
88.01857,100,73
88.011,100,73
87.82936,100,73
87.70085,100,73
87.35728,100,73
87.27926,100,73
87.189,100,73
87.18568,100,73
87.14918,100,73
87.04859,100,73
86.96371,100,73
86.92962,100,73
86.91212,100,73
86.78456,100,73
86.76962,100,73
86.73994,100,73
86.70792,100,73
86.61211,100,73
86.50684,100,73
86.3813,100,73
86.34784,100,73
86.34694,100,73
86.14838,100,73
86.124,100,73
86.03745,100,73
86.0068,100,73
85.97377,100,73
85.86288,100,73
85.73137,100,73
85.6446,100,73
85.52903,100,73
85.26953,100,73
85.26408,100,73
85.2346,100,73
85.20447,97,73
85.1366,100,73
85.05173,100,73
84.86089,100,73
84.8391,100,73
84.81244,100,73
84.25321,100,73
84.11012,100,73
84.01265,100,73
83.83299,100,73
83.76653,100,73
83.43146,100,73
83.23019,100,73
83.06252,100,73
83.00172,100,73
82.94335,100,73
82.91123,100,73
82.58559,100,73
82.37434,100,73
82.2965,100,73
82.23628,100,73
82.19346,100,73
82.18842,100,73
82.15042,100,73
82.03448,100,73
81.82508,100,73
81.64577,100,73
81.58193,100,73
81.35984,100,73
81.20582,100,73
81.05708,100,73
81.00912,100,73
80.91814,100,73
80.55201,100,73
79.93152,100,73
79.88403,100,73
79.82464,100,73
79.67441,100,73
79.49688,100,73
79.39024,100,73
79.38979,100,73
79.26739,100,73
79.24752,100,73
79.1571,100,73
79.11553,100,73
78.58469,100,73
78.54706,100,73
78.32267,67,73
78.12986,100,73
77.95912,100,73
77.81611,100,73
77.67867,100,73
77.46518,100,73
77.33321,100,73
77.10326,100,73
76.8442,100,73
76.6646,100,73
76.07071,100,73
75.94003,100,73
75.90651,100,73
75.44699,100,73
75.10206,100,73
74.80138,100,73
74.74687,100,73
74.4348,100,73
74.14167,100,73
73.80588,100,73
73.71326,100,73
73.26258,89,73
73.12,100,73
73.05458,100,73
72.64614,100,73
72.34748,100,73
72.17397,100,73
72.07336,100,73
72.07049,100,73
71.55215,100,73
71.23522,100,73
71.18237,100,73
70.63598,100,73
70.55368,100,73
70.29845,100,73
70.21616,100,73
70.05377,100,73
69.73419,100,73
69.68186,100,73
69.62464,100,73
68.21516,100,73
67.80095,100,73
67.6818,100,73
66.86478,100,73
66.69216,100,73
66.68154,100,73
66.62007,100,73
66.31889,100,73
65.27496,100,73
64.80336,100,73
63.14216,99,73
62.36408,100,73
62.04551,100,73
61.9805,100,73
60.88721,100,73
57.20145,100,73
56.02677,100,73
55.42315,100,73
54.30053,100,73
53.06491,100,73
50.96986,100,73
48.29659,100,73
46.34073,0,73
45.09169,0,73
40.56043,100,73
40.29703,100,73
34.97943,100,73
100,100,70
100,100,70
100,100,70
100,100,70
100,100,70
100,100,70
100,100,70
100,100,70
100,100,70
100,100,70
100,100,70
100,100,70
100,100,70
100,100,70
100,100,70
100,100,70
100,100,70
100,100,70
100,100,70
100,100,70
100,100,70
100,100,70
100,99,70
100,100,70
100,100,70
100,100,70
100,100,70
100,100,70
100,100,70
100,100,70
100,100,70
100,100,70
100,100,70
100,100,70
100,100,70
100,100,70
100,100,70
100,100,70
100,88,70
100,100,70
100,100,70
100,100,70
100,100,70
100,100,70
100,100,70
100,100,70
100,100,70
100,100,70
100,100,70
100,100,70
100,0,70
100,100,70
100,100,70
100,100,70
100,100,70
100,100,70
100,100,70
100,100,70
100,100,70
100,100,70
100,100,70
100,100,70
100,100,70
100,100,70
100,100,70
100,100,70
100,100,70
100,100,70
100,100,70
100,100,70
100,100,70
100,100,70
100,100,70
100,100,70
100,100,70
100,100,70
100,100,70
100,61,70
100,35,70
100,100,70
100,53,70
100,100,70
100,100,70
100,100,70
100,100,70
100,100,70
100,100,70
100,100,70
100,100,70
100,100,70
100,100,70
100,100,70
100,100,70
100,100,70
100,100,70
100,100,70
100,100,70
100,100,70
100,100,70
100,100,70
100,100,70
100,100,70
100,100,70
100,100,70
100,100,70
100,100,70
100,100,70
100,100,70
100,100,70
100,100,70
100,100,70
100,100,70
100,100,70
100,100,70
100,100,70
100,100,70
100,100,70
100,100,70
100,100,70
100,100,70
100,100,70
100,100,70
100,100,70
100,100,70
100,100,70
100,100,70
100,100,70
100,100,70
100,100,70
100,100,70
100,0,70
100,100,70
100,100,70
100,100,70
100,100,70
100,100,70
100,0,70
100,100,70
100,100,70
100,100,70
100,100,70
100,100,70
100,100,70
100,100,70
100,100,70
100,100,70
100,100,70
100,100,70
100,100,70
100,100,70
100,100,70
100,100,70
100,100,70
100,100,70
100,100,70
100,100,70
100,100,70
100,100,70
100,100,70
100,100,70
100,100,70
100,100,70
100,100,70
100,100,70
100,100,70
100,100,70
100,100,70
100,100,70
100,100,70
100,100,70
100,100,70
100,100,70
100,100,70
100,100,70
100,100,70
100,100,70
100,100,70
100,0,70
100,100,70
100,100,70
100,100,70
100,100,70
100,100,70
100,100,70
100,100,70
100,100,70
100,100,70
100,100,70
100,100,70
100,100,70
100,100,70
100,100,70
100,100,70
100,100,70
100,100,70
100,100,70
100,100,70
100,100,70
100,100,70
100,100,70
100,100,70
100,100,70
100,100,70
100,100,70
100,100,70
100,100,70
100,100,70
100,100,70
100,100,70
100,100,70
100,100,70
100,100,70
100,100,70
100,100,70
100,100,70
100,100,70
100,100,70
100,43,70
100,100,70
100,46,70
100,100,70
100,100,70
99.51353,100,70
99.22198,100,70
99.02953,100,70
98.5171,100,70
98.28121,100,70
98.24203,100,70
98.16188,100,70
97.91936,100,70
97.82426,100,70
97.68117,100,70
97.58649,100,70
97.58414,100,70
97.56949,73,70
97.44991,100,70
97.34581,100,70
96.95853,100,70
96.87822,100,70
96.77296,100,70
96.33828,100,70
96.04851,100,70
95.93514,100,70
95.86175,100,70
95.6796,100,70
95.52802,100,70
95.44021,100,70
95.40247,61,70
95.39977,100,70
95.39505,100,70
95.02865,100,70
94.86115,100,70
94.69462,100,70
94.63107,100,70
94.50478,100,70
94.44401,100,70
94.34975,100,70
94.12909,100,70
93.98248,100,70
93.64116,0,70
93.59907,100,70
93.59219,100,70
92.7698,100,70
92.73346,100,70
92.70017,100,70
92.69686,100,70
92.68468,100,70
92.5098,100,70
92.4332,100,70
92.37561,100,70
92.36819,100,70
92.2786,100,70
92.21609,100,70
92.02522,100,70
91.66273,100,70
91.48423,100,70
91.41144,100,70
91.36842,100,70
91.26603,100,70
91.16991,100,70
90.9762,100,70
90.95601,100,70
90.8013,100,70
90.63705,100,70
90.25993,100,70
90.14011,100,70
89.85719,100,70
89.84946,100,70
89.82085,100,70
89.81268,100,70
89.79518,100,70
89.75571,100,70
89.38521,100,70
89.12739,100,70
88.78844,100,70
88.75162,0,70
88.41301,100,70
88.25569,100,70
88.25338,100,70
88.21459,100,70
88.09617,100,70
88.03507,100,70
87.9009,100,70
87.62873,100,70
87.57546,100,70
87.49743,100,70
87.31058,100,70
87.18291,100,70
87.11821,100,70
86.81203,100,70
86.79026,100,70
86.73994,100,70
86.42903,100,70
86.4257,100,70
86.34663,100,70
86.31844,100,70
86.246,100,70
86.11968,100,70
86.11558,100,70
86.0442,100,70
85.81708,100,70
85.62473,100,70
85.36346,100,70
85.26046,100,70
85.2334,100,70
85.10448,100,70
84.8947,95,70
84.86552,100,70
84.85747,100,70
84.7242,100,70
84.68668,100,70
84.53979,100,70
84.47247,100,70
84.46548,100,70
84.32253,100,70
84.12984,100,70
84.06875,100,70
84.06818,100,70
83.89606,100,70
83.53146,100,70
83.51142,100,70
83.43978,100,70
83.38073,100,70
83.3615,100,70
83.33626,100,70
83.26028,100,70
83.20005,100,70
83.11591,100,70
83.08478,100,70
82.98921,100,70
82.86615,100,70
82.77723,100,70
82.62273,100,70
82.54262,100,70
82.0841,100,70
82.06371,100,70
81.98183,100,70
81.96311,100,70
81.92159,100,70
81.85615,100,70
81.7995,100,70
81.75552,100,70
81.75526,100,70
81.64115,100,70
81.63832,100,70
81.54815,100,70
81.33761,100,70
81.25473,100,70
81.22009,100,70
80.95841,100,70
80.82686,100,70
80.79492,12,70
80.6465,100,70
80.58151,100,70
80.57629,100,70
80.47157,100,70
80.45105,100,70
80.42561,100,70
80.1909,100,70
79.95269,100,70
79.92944,100,70
79.81497,100,70
79.60374,100,70
79.27835,100,70
79.24282,100,70
79.13211,100,70
79.09821,100,70
79.0086,100,70
78.74715,100,70
78.52693,100,70
78.453,100,70
78.31084,100,70
78.29699,100,70
77.97677,100,70
77.81924,100,70
77.79401,100,70
77.76065,100,70
77.46281,100,70
77.44499,100,70
77.24213,100,70
77.21415,100,70
77.18188,100,70
76.97943,100,70
76.97475,100,70
76.84554,100,70
76.84368,100,70
76.53011,100,70
76.44767,100,70
75.96466,100,70
75.78493,100,70
75.59294,100,70
75.0671,100,70
74.99194,100,70
74.83984,100,70
74.77699,100,70
74.68236,100,70
74.255,100,70
74.17124,100,70
74.14465,100,70
74.10882,100,70
74.05733,100,70
74.02206,100,70
73.86899,100,70
73.42045,100,70
73.28128,100,70
73.14811,100,70
72.6722,100,70
72.66122,100,70
72.52775,100,70
72.26902,100,70
72.05974,100,70
71.88071,100,70
71.39941,100,70
71.10238,100,70
70.9169,100,70
70.78807,100,70
70.60417,100,70
70.5348,100,70
70.48055,100,70
70.01156,100,70
70.00864,100,70
69.73232,100,70
69.72972,100,70
69.2739,100,70
69.19273,100,70
69.17631,100,70
69.1003,100,70
68.66574,100,70
68.50691,0,70
68.30287,100,70
67.96434,100,70
67.67197,100,70
67.55748,55,70
66.73752,100,70
66.73263,100,70
66.59516,100,70
65.50749,100,70
65.45216,100,70
65.38573,100,70
65.23258,100,70
64.98777,100,70
64.91445,100,70
64.79259,100,70
64.38269,100,70
64.31724,100,70
64.24158,100,70
64.15783,100,70
62.24702,100,70
62.12152,100,70
62.11212,100,70
61.95434,100,70
61.54189,100,70
61.22946,100,70
61.0856,100,70
60.5683,100,70
59.77357,100,70
58.81424,100,70
58.78366,100,70
58.59274,100,70
58.30437,100,70
58.05605,100,70
57.48058,100,70
56.74625,100,70
55.42628,100,70
55.08233,100,70
53.531,100,70
53.20742,100,70
52.72765,100,70
52.63663,100,70
52.39734,100,70
52.32659,100,70
52.28856,100,70
52.14406,100,70
49.73941,100,70
49.59696,100,70
48.0251,100,70
47.5,100,70
46.32093,0,70
45.67366,100,70
43.79867,100,70
43.10511,100,70
41.64833,100,70
40.85829,100,70
40.20593,100,70
39.70127,100,70
39.22511,0,70
37.66637,0,70
37.02547,100,70
36.37384,100,70
34.6965,100,70
34.10872,100,70
34.06911,100,70
32.89107,100,70
32.11872,100,70
29.63536,100,70
29.14003,100,70
28.79545,100,70
26.70082,100,70
26.6221,100,70
23.07635,100,70
21.80672,0,70
5.375323,100,70
2.689859,100,70
0,100,70
0,100,70
100,100,67
100,100,67
100,100,67
100,100,67
100,100,67
100,100,67
100,100,67
100,100,67
100,100,67
100,98,67
100,100,67
100,100,67
100,100,67
100,100,67
100,100,67
100,100,67
100,100,67
100,100,67
100,100,67
100,100,67
100,100,67
100,100,67
100,100,67
100,100,67
100,100,67
100,100,67
100,100,67
100,100,67
100,100,67
100,100,67
100,100,67
100,100,67
100,100,67
100,100,67
100,100,67
100,100,67
100,100,67
100,100,67
100,100,67
100,100,67
100,100,67
100,0,67
100,100,67
100,100,67
100,100,67
100,100,67
100,100,67
100,100,67
100,100,67
100,100,67
100,100,67
100,100,67
100,100,67
100,100,67
100,100,67
100,100,67
100,100,67
100,100,67
100,100,67
100,100,67
100,100,67
100,100,67
100,100,67
100,100,67
100,100,67
100,100,67
100,100,67
100,100,67
100,100,67
100,100,67
100,100,67
100,100,67
100,100,67
100,100,67
100,100,67
100,100,67
100,100,67
100,100,67
100,100,67
100,100,67
100,100,67
100,100,67
100,100,67
100,100,67
100,100,67
100,100,67
100,100,67
100,100,67
100,100,67
100,100,67
100,100,67
100,100,67
100,55,67
100,100,67
100,100,67
100,100,67
100,100,67
100,100,67
100,100,67
100,100,67
100,100,67
100,100,67
100,100,67
100,100,67
100,100,67
100,100,67
100,100,67
100,100,67
100,100,67
100,100,67
100,45,67
100,100,67
100,100,67
100,100,67
100,100,67
100,100,67
100,100,67
100,100,67
100,100,67
100,100,67
100,100,67
100,100,67
100,100,67
100,100,67
100,100,67
100,100,67
100,100,67
100,100,67
100,100,67
100,100,67
100,100,67
100,100,67
100,100,67
100,100,67
100,100,67
100,100,67
99.9502,100,67
99.923,100,67
99.90001,100,67
99.89576,100,67
99.73292,100,67
99.61761,100,67
99.57887,100,67
99.40149,100,67
99.35297,100,67
99.33474,100,67
99.18996,100,67
99.05151,100,67
99.00669,100,67
98.87708,100,67
98.68886,100,67
98.65421,100,67
98.53814,100,67
98.39512,100,67
98.3807,100,67
98.28149,100,67
98.25297,100,67
98.10584,100,67
98.09948,100,67
97.89883,100,67
97.76202,100,67
97.73353,100,67
97.44013,100,67
97.24554,100,67
97.20624,100,67
97.19936,100,67
97.12552,0,67
96.54757,100,67
96.47093,100,67
96.37376,100,67
96.31968,100,67
96.01475,100,67
95.89186,100,67
95.69404,100,67
95.68161,100,67
95.68019,100,67
95.57195,100,67
95.55581,100,67
95.51483,100,67
95.36361,100,67
95.24393,100,67
95.06625,100,67
95.01707,100,67
94.97424,100,67
94.92584,100,67
94.8881,100,67
94.81664,100,67
94.76833,100,67
94.70004,100,67
94.56897,100,67
94.49081,100,67
94.33524,100,67
94.15849,100,67
94.15466,100,67
93.93355,100,67
93.869,100,67
93.78845,100,67
93.68549,100,67
93.61707,100,67
93.56588,100,67
93.40766,100,67
93.25915,100,67
93.24056,100,67
93.11223,100,67
93.05156,100,67
92.88879,100,67
92.83913,100,67
92.7898,100,67
92.64449,100,67
92.49648,100,67
92.48599,100,67
92.37768,100,67
92.3699,100,67
92.27052,100,67
92.18507,100,67
91.95792,100,67
91.81932,100,67
91.79703,100,67
91.68344,100,67
91.63101,100,67
91.54661,0,67
91.54281,100,67
91.48917,100,67
91.45457,100,67
91.42763,100,67
91.32487,100,67
91.21542,100,67
91.2113,100,67
91.10049,100,67
91.07005,100,67
91.03428,100,67
90.96606,100,67
90.96452,100,67
90.90543,100,67
90.78741,100,67
90.77267,100,67
90.72406,100,67
90.67929,100,67
90.65703,100,67
90.33598,100,67
90.32094,100,67
90.31009,100,67
90.18725,100,67
90.04762,100,67
89.86994,96,67
89.75498,100,67
89.66507,100,67
89.36566,100,67
89.27733,100,67
89.01797,100,67
88.93464,100,67
88.83963,100,67
88.82269,100,67
88.71701,100,67
88.64886,100,67
88.61283,100,67
88.60739,100,67
88.42905,100,67
88.41096,100,67
88.281,100,67
88.25758,100,67
88.23405,100,67
88.23254,100,67
88.20856,100,67
88.1612,100,67
88.08365,100,67
88.06846,100,67
87.99732,100,67
87.98247,100,67
87.97428,100,67
87.89716,100,67
87.8688,100,67
87.76419,100,67
87.68524,100,67
87.6809,100,67
87.59753,100,67
87.54311,100,67
87.3902,100,67
87.37605,100,67
87.23339,100,67
86.96806,100,67
86.9404,100,67
86.9157,100,67
86.91019,100,67
86.89537,100,67
86.87315,100,67
86.7792,100,67
86.68208,100,67
86.62942,100,67
86.48543,100,67
86.45261,100,67
86.36432,100,67
86.34954,100,67
86.30028,100,67
86.27214,100,67
86.23968,100,67
86.22916,100,67
86.10419,100,67
85.93824,100,67
85.90096,100,67
85.83366,100,67
85.75855,100,67
85.73602,100,67
85.71429,100,67
85.71429,100,67
85.71429,100,67
85.63453,100,67
85.6189,100,67
85.57963,100,67
85.54811,100,67
85.50034,100,67
85.39955,100,67
85.26428,100,67
85.26227,100,67
85.13657,100,67
85.12031,100,67
85.06292,100,67
85.06084,100,67
85.02376,100,67
85.00819,100,67
84.85191,100,67
84.7703,100,67
84.6903,100,67
84.6533,100,67
84.56808,100,67
84.55654,100,67
84.5517,100,67
84.46695,100,67
84.42169,100,67
84.30701,100,67
84.26769,100,67
84.24503,100,67
84.18436,100,67
84.15976,100,67
84.15916,100,67
84.15684,100,67
84.14333,0,67
84.10587,100,67
84.09183,100,67
83.95696,100,67
83.9467,100,67
83.79278,100,67
83.69292,100,67
83.666,100,67
83.66209,100,67
83.63313,100,67
83.45522,100,67
83.40718,100,67
83.27797,100,67
83.26762,100,67
83.19957,100,67
83.05687,100,67
82.70238,100,67
82.6858,100,67
82.63161,100,67
82.51716,100,67
82.29166,100,67
82.19641,100,67
82.18027,100,67
82.15273,100,67
82.14562,100,67
82.02491,100,67
81.9799,100,67
81.95628,100,67
81.92891,100,67
81.92477,100,67
81.88845,100,67
81.8674,100,67
81.76906,100,67
81.71589,100,67
81.68874,100,67
81.67374,100,67
81.55668,100,67
81.50189,100,67
81.48729,100,67
81.48518,100,67
81.43764,100,67
81.41852,100,67
81.36613,100,67
81.3623,100,67
81.32306,100,67
81.26952,100,67
81.25519,100,67
81.13248,100,67
81.03642,100,67
81.0357,100,67
80.96861,100,67
80.96815,100,67
80.84275,100,67
80.73505,100,67
80.71156,96,67
80.65631,100,67
80.62316,100,67
80.58988,100,67
80.4416,100,67
80.41053,100,67
80.39164,100,67
80.19246,100,67
80.09201,100,67
79.8589,100,67
79.76116,100,67
79.69955,100,67
79.51707,100,67
79.46468,100,67
79.40353,100,67
79.2401,100,67
79.19803,100,67
79.07195,100,67
79.03999,100,67
78.97951,100,67
78.9537,100,67
78.95362,100,67
78.91276,100,67
78.90123,100,67
78.88599,100,67
78.76174,100,67
78.16539,100,67
78.01207,100,67
77.9854,100,67
77.97585,100,67
77.95418,100,67
77.95319,100,67
77.91441,100,67
77.8931,100,67
77.84184,100,67
77.81703,100,67
77.4712,100,67
77.41037,100,67
77.39938,100,67
77.28673,100,67
77.20709,100,67
77.08475,100,67
77.07111,100,67
76.99306,100,67
76.95946,100,67
76.86708,100,67
76.82768,100,67
76.77395,100,67
76.56505,100,67
76.53233,100,67
76.15677,100,67
76.12785,100,67
76.06747,100,67
75.92592,100,67
75.8588,100,67
75.71622,100,67
75.66273,100,67
75.63921,100,67
75.59863,100,67
75.53089,100,67
75.44273,100,67
75.339,100,67
75.32175,100,67
75.31688,100,67
75.15319,100,67
75.11699,100,67
74.98279,100,67
74.89574,100,67
74.71984,100,67
74.64992,100,67
74.62052,100,67
74.6126,93,67
74.48386,100,67
74.44411,100,67
74.41571,100,67
74.37341,100,67
74.35838,100,67
74.23362,100,67
74.10122,100,67
74.06122,100,67
74.04421,100,67
73.87675,100,67
73.83935,100,67
73.77362,100,67
73.7193,100,67
73.65736,100,67
73.4362,100,67
73.40481,0,67
73.36068,88,67
73.10699,100,67
73.0814,100,67
72.93785,100,67
72.70844,100,67
72.67709,100,67
72.54794,100,67
72.53542,100,67
72.46076,100,67
72.4252,100,67
72.33575,100,67
72.26816,100,67
72.16081,100,67
71.80913,100,67
71.7851,100,67
71.69349,100,67
71.57806,0,67
71.57614,100,67
71.50703,100,67
71.48399,100,67
71.40134,100,67
71.27185,100,67
71.12608,100,67
71.12194,100,67
71.03424,100,67
70.95452,100,67
70.8284,100,67
70.82349,100,67
70.81131,100,67
70.71806,100,67
70.67001,100,67
70.5777,100,67
70.40175,100,67
70.31229,100,67
70.12624,100,67
69.954,100,67
69.94839,100,67
69.86993,100,67
69.73881,100,67
69.6817,100,67
69.61749,100,67
69.60701,100,67
69.27127,0,67
69.15754,100,67
69.10207,100,67
68.9935,100,67
68.9625,0,67
68.90811,100,67
68.62743,100,67
68.31467,100,67
68.28318,100,67
68.25954,100,67
67.41077,100,67
67.37991,100,67
67.23401,100,67
67.18439,100,67
67.11755,100,67
67.10137,100,67
67.0095,100,67
66.98804,100,67
66.88168,100,67
66.83457,0,67
66.24166,100,67
65.97733,100,67
65.65057,100,67
65.52929,100,67
65.38181,100,67
65.08826,100,67
65.07214,100,67
64.81124,100,67
64.64186,100,67
64.5349,100,67
64.39735,100,67
64.32385,100,67
63.92717,100,67
63.01231,100,67
62.96464,100,67
61.79235,100,67
61.55564,100,67
60.84902,0,67
60.63862,100,67
60.51198,100,67
60.44356,100,67
60.32389,100,67
60.13087,100,67
60.04161,100,67
59.96487,100,67
59.81094,100,67
59.80283,100,67
58.91622,100,67
58.75003,100,67
58.56662,100,67
57.97005,100,67
57.96627,100,67
57.68208,100,67
57.06579,100,67
56.92479,100,67
55.82138,100,67
55.77382,100,67
55.07651,100,67
55.05643,100,67
54.39761,100,67
54.01017,100,67
53.27097,100,67
52.77045,84,67
52.69178,100,67
52.34214,100,67
51.40643,100,67
51.19944,100,67
50.85218,100,67
50.62323,100,67
50.4829,100,67
50.29269,100,67
48.93084,100,67
48.8764,100,67
48.84052,100,67
45.67341,100,67
44.12292,100,67
43.01177,100,67
42.43657,100,67
42.21445,100,67
41.97766,100,67
41.88554,100,67
41.65524,0,67
41.50032,100,67
37.96241,100,67
37.61627,100,67
36.63145,100,67
34.112,100,67
33.84202,100,67
32.98569,100,67
30.91827,100,67
28.1213,0,67
27.99492,100,67
27.7741,100,67
25.80177,100,67
22.53052,100,67
17.69768,100,67
9.190527,100,67
9.154526,100,67
8.850441,100,67
8.040111,100,67
6.128882,45,67
5.506309,0,67
4.806181,100,67
0,100,67
0,100,67
100,100,64
100,100,64
100,100,64
100,100,64
100,100,64
100,100,64
100,100,64
100,100,64
100,100,64
100,100,64
100,100,64
100,100,64
100,32,64
100,100,64
100,100,64
100,100,64
100,100,64
100,100,64
100,100,64
100,100,64
100,100,64
100,100,64
100,100,64
100,100,64
100,100,64
100,100,64
100,100,64
100,100,64
100,100,64
100,100,64
100,100,64
100,100,64
100,100,64
100,100,64
100,100,64
100,100,64
100,100,64
100,100,64
100,100,64
100,100,64
100,100,64
100,0,64
100,100,64
100,100,64
100,100,64
100,100,64
100,100,64
100,100,64
100,100,64
100,100,64
100,100,64
100,100,64
100,100,64
100,59,64
100,100,64
100,100,64
100,100,64
100,100,64
100,100,64
100,100,64
100,100,64
100,100,64
100,100,64
100,100,64
100,100,64
100,100,64
100,100,64
100,100,64
100,100,64
100,100,64
100,100,64
100,100,64
100,100,64
100,97,64
100,100,64
100,100,64
100,100,64
100,100,64
100,100,64
100,100,64
100,100,64
100,100,64
100,100,64
100,100,64
100,100,64
100,100,64
100,100,64
100,100,64
100,100,64
100,100,64
100,100,64
100,100,64
100,100,64
100,100,64
100,100,64
100,100,64
100,100,64
99.8735,100,64
99.81636,100,64
99.76604,100,64
99.4891,100,64
98.95632,100,64
98.94922,100,64
98.94607,83,64
98.78445,33,64
98.45519,100,64
98.00793,100,64
97.43207,100,64
97.22076,100,64
97.09202,100,64
96.61465,100,64
96.44987,100,64
96.19533,100,64
96.16115,100,64
96.1596,100,64
95.98972,100,64
95.86205,100,64
95.84917,100,64
95.65866,100,64
95.45458,100,64
95.41171,100,64
95.1619,100,64
93.94221,100,64
93.84454,100,64
93.84003,100,64
93.62482,100,64
93.35268,100,64
93.23408,100,64
93.20807,100,64
93.15805,100,64
93.13805,100,64
93.05926,100,64
93.01668,100,64
92.87851,0,64
92.72804,100,64
92.48755,100,64
92.43716,100,64
92.11217,100,64
91.99841,100,64
91.88163,100,64
91.4903,100,64
91.36434,100,64
91.19215,100,64
91.17051,100,64
90.6161,100,64
90.3855,100,64
90.28944,100,64
89.93282,100,64
89.8629,100,64
89.8577,100,64
89.7004,100,64
89.56987,100,64
89.54453,100,64
89.48418,100,64
89.47266,100,64
89.28633,100,64
89.20907,100,64
89.08155,100,64
89.01119,100,64
88.95611,100,64
88.91404,100,64
88.79456,100,64
88.73723,100,64
88.61732,100,64
88.60843,100,64
88.32068,100,64
88.31306,100,64
88.11704,100,64
88.07207,100,64
87.5867,100,64
87.52571,100,64
87.34813,100,64
87.3468,100,64
87.32116,100,64
87.21497,100,64
87.19384,100,64
87.17726,100,64
87.14258,100,64
87.06641,100,64
86.90127,100,64
86.86359,100,64
86.84155,100,64
86.81824,100,64
86.76537,100,64
86.70412,100,64
86.58353,100,64
86.39546,100,64
86.36964,100,64
86.34099,100,64
86.2326,100,64
86.13157,100,64
85.81803,100,64
85.72359,100,64
85.67958,100,64
85.60492,100,64
85.58247,100,64
85.42574,100,64
85.38138,100,64
85.33903,100,64
84.77242,82,64
84.64702,100,64
84.60076,100,64
84.40331,100,64
84.30348,100,64
84.23756,100,64
84.04431,100,64
84.03716,100,64
84.00248,100,64
83.87665,100,64
83.82828,100,64
83.64045,100,64
83.06305,100,64
83.04469,100,64
82.86512,100,64
82.81517,100,64
82.80267,100,64
82.80148,100,64
82.7587,100,64
82.69447,100,64
82.54438,100,64
82.20985,100,64
82.17948,100,64
82.17447,100,64
82.13494,100,64
82.11166,100,64
82.09244,100,64
81.97786,100,64
81.86523,100,64
81.70423,100,64
81.62003,100,64
81.58849,100,64
81.23085,100,64
81.09657,100,64
81.04097,100,64
80.91028,100,64
80.87822,100,64
80.85568,100,64
80.72173,100,64
80.71553,100,64
80.65554,100,64
80.56157,100,64
80.40604,100,64
80.38536,100,64
80.07069,100,64
80.02721,100,64
79.93463,100,64
79.74882,100,64
79.74653,100,64
79.67551,100,64
79.53117,100,64
79.34337,100,64
79.34028,100,64
79.26738,100,64
79.25637,100,64
79.22458,100,64
79.20599,100,64
79.19455,100,64
79.16771,100,64
79.02065,100,64
78.96935,100,64
78.90775,100,64
78.84121,100,64
78.80084,100,64
78.63421,100,64
78.61405,100,64
78.59555,100,64
78.59098,100,64
78.54595,100,64
78.42716,100,64
78.32823,100,64
78.21073,100,64
78.07567,100,64
77.93796,100,64
77.78346,100,64
77.58992,100,64
77.47953,100,64
77.42554,100,64
77.37685,100,64
77.25925,100,64
77.21091,100,64
77.20103,100,64
77.08,100,64
77.04531,100,64
76.86607,100,64
76.78518,100,64
76.75831,17,64
76.64394,100,64
76.47374,100,64
76.46259,100,64
76.12939,100,64
76.10667,100,64
75.9669,100,64
75.95036,100,64
75.78036,100,64
75.77814,100,64
75.66344,100,64
75.53352,100,64
75.39917,100,64
75.39186,100,64
75.26208,100,64
75.26198,100,64
75.16121,100,64
74.90456,100,64
74.89372,100,64
74.72873,100,64
74.69163,100,64
74.63322,100,64
74.49523,100,64
74.43292,100,64
74.34097,100,64
74.20247,100,64
74.16212,100,64
73.96336,100,64
73.87375,100,64
73.77837,100,64
73.75797,100,64
73.2889,100,64
73.2681,100,64
73.26124,0,64
73.2509,100,64
73.18383,100,64
73.1797,100,64
73.10952,100,64
73.01539,100,64
72.56998,100,64
72.50335,100,64
72.32895,100,64
72.2752,99,64
72.20897,100,64
72.18778,100,64
72.06891,100,64
71.71158,100,64
71.70846,100,64
71.44774,100,64
71.41407,100,64
71.40189,100,64
71.16357,100,64
71.12705,100,64
71.09006,100,64
70.78671,100,64
70.72999,100,64
70.67834,100,64
70.65948,100,64
70.63473,100,64
70.49789,100,64
70.41666,100,64
70.3843,100,64
70.30003,100,64
69.85674,100,64
69.72644,100,64
69.19247,100,64
68.71124,100,64
68.63945,100,64
68.38355,100,64
67.97668,100,64
67.72691,100,64
67.46648,100,64
67.27281,100,64
67.2541,100,64
67.24508,100,64
66.91781,100,64
66.78815,100,64
66.5653,100,64
66.43768,100,64
65.73311,100,64
65.37924,100,64
65.25726,100,64
65.22133,100,64
65.20554,100,64
64.83047,100,64
64.75267,100,64
64.54883,100,64
64.25375,100,64
64.12815,100,64
64.10275,100,64
64.00712,100,64
63.71582,100,64
63.56499,100,64
62.96058,100,64
62.90529,100,64
62.51316,100,64
62.46871,100,64
62.38221,100,64
61.97524,100,64
61.67804,100,64
61.49553,100,64
61.28796,100,64
61.2879,100,64
61.16434,100,64
60.89594,100,64
60.15799,100,64
59.95229,100,64
59.81445,0,64
59.63763,100,64
59.55967,100,64
59.53927,100,64
59.10924,100,64
59.03048,100,64
58.35298,100,64
58.05106,100,64
57.95103,100,64
57.56642,100,64
56.96864,100,64
56.40544,100,64
55.62933,100,64
55.21154,100,64
54.69444,100,64
53.9623,100,64
53.49395,100,64
53.35622,100,64
52.57552,100,64
52.30582,100,64
50.7374,100,64
50.43513,100,64
50.29617,0,64
49.9762,100,64
49.14323,100,64
49.10862,100,64
48.72312,100,64
47.77727,100,64
47.54814,100,64
45.74865,100,64
45.31293,100,64
44.86529,100,64
44.29987,100,64
40.83289,100,64
38.48424,100,64
37.39423,100,64
36.55801,100,64
36.35707,100,64
36.04963,100,64
35.2723,100,64
35.0454,100,64
35.02259,100,64
34.82893,100,64
34.5337,100,64
34.20379,100,64
32.65041,76,64
31.23814,100,64
30.78763,100,64
28.57439,100,64
26.39545,100,64
15.12024,100,64
14.6357,100,64
13.31375,100,64
12.36547,100,64
3.064481,0,64
1.336539,100,64
1.324286,100,64
1.146794,100,64
0.05528821,100,64
100,100,62
100,100,62
100,100,62
100,100,62
100,100,62
100,100,62
100,100,62
100,100,62
100,100,62
100,100,62
100,100,62
100,100,62
100,100,62
100,100,62
100,0,62
100,100,62
100,100,62
100,100,62
100,100,62
100,100,62
100,100,62
100,100,62
100,100,62
100,100,62
100,100,62
100,100,62
100,100,62
100,100,62
100,100,62
100,100,62
100,100,62
100,100,62
100,100,62
100,100,62
100,100,62
100,100,62
100,100,62
100,90,62
100,100,62
100,100,62
100,100,62
100,100,62
100,100,62
100,100,62
100,100,62
100,100,62
100,100,62
100,100,62
100,100,62
100,79,62
100,100,62
100,100,62
100,100,62
100,100,62
100,100,62
100,100,62
100,100,62
100,100,62
99.68655,100,62
99.58572,100,62
98.93056,100,62
98.53577,100,62
98.23128,100,62
98.14566,100,62
97.27516,100,62
97.26951,100,62
97.23147,100,62
97.16518,100,62
97.14484,100,62
96.38411,100,62
96.2672,100,62
96.1987,100,62
95.96617,100,62
95.6645,100,62
95.58935,100,62
95.33268,100,62
95.28235,100,62
95.26463,100,62
95.24647,100,62
95.04581,100,62
94.92371,100,62
94.63279,100,62
94.50742,100,62
94.33904,100,62
94.14168,100,62
94.11525,100,62
93.99134,100,62
93.96769,100,62
93.65152,100,62
93.40051,100,62
93.20481,100,62
92.98255,100,62
92.83217,100,62
92.80605,100,62
92.76258,100,62
92.71651,100,62
92.28206,100,62
92.27201,100,62
92.12947,100,62
92.02133,100,62
91.94328,100,62
91.74425,100,62
91.52697,26,62
91.31097,100,62
91.27916,100,62
91.25372,100,62
91.23517,100,62
91.09437,100,62
90.79328,100,62
90.75203,100,62
90.65476,100,62
90.25616,100,62
90.11857,100,62
90.10894,100,62
90.09217,100,62
89.96891,100,62
89.96215,100,62
89.74545,100,62
89.56209,100,62
89.43825,100,62
89.13768,100,62
89.05701,100,62
88.98016,100,62
88.91743,100,62
88.70627,100,62
88.43121,100,62
88.08669,100,62
88.03745,100,62
87.9565,100,62
87.91664,100,62
87.87958,100,62
87.65062,100,62
87.63145,100,62
87.45714,100,62
87.44535,100,62
87.24051,100,62
87.18492,100,62
87.14765,100,62
87.14247,0,62
87.08715,100,62
87.005,100,62
86.89759,100,62
86.81649,100,62
86.71535,100,62
86.64313,100,62
86.62088,100,62
86.61444,100,62
86.6031,100,62
86.41836,100,62
86.33223,100,62
86.3277,100,62
86.26669,100,62
86.24751,100,62
86.16491,100,62
86.09005,100,62
86.0359,100,62
85.82095,100,62
85.67804,100,62
85.55367,100,62
85.41193,100,62
85.27576,100,62
85.14207,100,62
85.13643,99,62
85.12329,100,62
85.09851,100,62
85.0381,100,62
84.89506,100,62
84.75658,100,62
84.71967,100,62
84.57144,100,62
84.55302,100,62
84.4445,100,62
84.35036,100,62
84.17091,100,62
84.07837,100,62
83.94235,100,62
83.87728,100,62
83.85703,100,62
83.84432,100,62
83.74736,100,62
83.65807,100,62
83.50333,96,62
83.41057,100,62
83.25299,100,62
83.23528,100,62
83.22348,100,62
83.16005,100,62
83.14069,100,62
83.10249,100,62
83.09149,100,62
82.96906,100,62
82.80393,100,62
82.79147,100,62
82.6997,100,62
82.69,100,62
82.46902,100,62
82.42938,100,62
82.30005,100,62
82.28539,100,62
82.28162,100,62
82.13367,100,62
82.07236,100,62
81.94803,100,62
81.72053,100,62
81.67577,100,62
81.65122,100,62
81.29778,100,62
81.27542,100,62
81.10892,100,62
81.06192,100,62
81.01957,100,62
80.9735,100,62
80.89283,100,62
80.88346,100,62
80.85745,100,62
80.70329,100,62
80.63326,100,62
80.60381,100,62
80.5163,100,62
80.28315,100,62
80.24742,100,62
80.22223,100,62
80.2039,100,62
80.19997,100,62
80.18676,100,62
80.12506,100,62
79.87959,100,62
79.86819,100,62
79.83653,100,62
79.77205,100,62
79.62817,100,62
79.60974,100,62
79.5149,100,62
79.43798,100,62
79.43111,100,62
79.36032,100,62
79.31566,100,62
79.27028,100,62
78.86945,100,62
78.85612,100,62
78.80839,100,62
78.75043,100,62
78.68279,100,62
78.50724,100,62
78.43896,100,62
78.42266,100,62
78.35387,100,62
78.33237,100,62
78.21406,100,62
78.21327,100,62
78.19582,100,62
78.17927,100,62
78.12717,100,62
78.0787,100,62
77.9381,100,62
77.92767,100,62
77.79392,100,62
77.70332,100,62
77.63538,100,62
77.50736,100,62
77.43806,100,62
77.36149,100,62
77.17618,100,62
77.15963,100,62
77.07114,100,62
76.97182,100,62
76.79076,100,62
76.73929,100,62
76.57432,100,62
76.44689,100,62
76.24786,100,62
76.07058,100,62
76.06783,100,62
76.03306,100,62
75.80235,100,62
75.77173,1,62
75.7175,100,62
75.70004,100,62
75.59727,100,62
75.37702,100,62
75.15007,100,62
75.06821,100,62
75.03433,100,62
74.92285,100,62
74.74228,100,62
74.71648,100,62
74.5723,100,62
74.49323,100,62
74.30754,100,62
74.2602,100,62
74.14334,100,62
74.10157,100,62
73.94874,100,62
73.76656,100,62
73.74604,100,62
73.46143,100,62
73.39317,100,62
73.26523,100,62
72.36185,60,62
72.29845,100,62
72.22163,100,62
72.18778,100,62
72.17964,100,62
72.00752,100,62
71.99638,100,62
71.80665,100,62
71.74939,100,62
71.70582,100,62
71.65057,100,62
71.64961,100,62
71.6387,100,62
71.62915,100,62
71.48024,100,62
71.4682,100,62
71.38609,100,62
71.36799,36,62
71.36152,100,62
71.15096,100,62
70.98437,100,62
70.74866,100,62
70.6636,100,62
70.14087,100,62
69.76606,100,62
69.67815,100,62
69.67474,100,62
69.64513,100,62
69.64385,100,62
69.60646,100,62
69.30011,100,62
69.2905,100,62
68.70778,100,62
68.13624,100,62
67.92758,100,62
67.9032,100,62
67.51418,100,62
67.34405,100,62
67.30794,100,62
67.24651,100,62
67.19263,100,62
67.1293,100,62
67.11984,100,62
67.07258,100,62
66.67902,100,62
66.5321,100,62
66.41267,100,62
66.37569,100,62
66.05107,100,62
65.49265,100,62
65.03305,100,62
65.02523,100,62
64.97449,100,62
64.7609,100,62
64.74369,100,62
64.68578,100,62
64.36042,100,62
64.18056,100,62
63.73616,100,62
63.41735,100,62
63.3474,100,62
63.31274,100,62
62.72507,100,62
62.49784,100,62
61.44607,100,62
61.3307,100,62
60.27791,100,62
60.22859,100,62
59.90575,100,62
59.6096,100,62
58.71609,100,62
57.86137,100,62
57.6448,100,62
56.42275,100,62
56.30407,100,62
56.12627,100,62
56.06889,100,62
55.9916,100,62
55.64466,100,62
55.45512,100,62
53.81373,100,62
53.7682,100,62
53.7326,90,62
53.54575,100,62
53.15941,100,62
52.86885,100,62
52.24789,100,62
50.71796,100,62
50.35855,100,62
49.62573,100,62
49.09318,100,62
48.22266,100,62
47.19295,100,62
47.1862,100,62
46.45341,100,62
45.81881,100,62
45.71306,100,62
44.33223,100,62
43.25776,100,62
41.32865,100,62
41.24547,100,62
39.7502,100,62
38.60287,100,62
35.76675,100,62
34.38024,0,62
25.50368,100,62
23.57242,100,62
21.17077,100,62
20.62093,100,62
18.45665,100,62
10.30298,100,62
9.994888,100,62
9.410153,100,62
2.733336,100,62
2.631892,100,62
1.378012,100,62
0.2567607,100,62
0,100,62
0,100,62
0,100,62
100,100,59
100,100,59
100,100,59
100,100,59
100,100,59
100,100,59
100,100,59
100,100,59
100,100,59
100,100,59
100,100,59
100,100,59
100,100,59
100,100,59
100,100,59
100,100,59
100,100,59
100,100,59
100,100,59
100,100,59
100,100,59
100,100,59
100,100,59
98.72969,100,59
98.41763,100,59
97.80888,100,59
97.49553,100,59
95.69962,100,59
94.23466,100,59
93.8456,100,59
93.81554,100,59
92.42954,100,59
91.94027,100,59
91.89259,100,59
91.87454,100,59
91.71103,100,59
90.99518,100,59
90.94431,0,59
90.93476,100,59
89.94789,100,59
89.78825,100,59
89.10927,100,59
89.08489,100,59
89.08159,100,59
88.99194,100,59
88.66485,100,59
88.4658,100,59
88.29747,100,59
86.57514,100,59
86.07689,100,59
85.8204,100,59
85.7794,100,59
85.7298,100,59
85.35915,53,59
85.27393,100,59
85.02602,100,59
84.75,100,59
84.62789,100,59
84.52013,100,59
84.4883,100,59
84.30777,100,59
83.74671,100,59
83.50639,100,59
83.32529,100,59
83.16821,100,59
82.81307,0,59
82.66547,100,59
82.50665,100,59
82.48138,100,59
82.4398,100,59
82.35938,100,59
82.29729,100,59
81.98775,100,59
81.39384,100,59
81.30305,100,59
81.12776,100,59
80.77546,100,59
80.674,100,59
80.502,100,59
80.47237,100,59
80.4719,100,59
80.02335,100,59
79.94446,100,59
79.8453,100,59
79.77934,100,59
79.51732,100,59
79.28904,100,59
79.04271,100,59
79.01578,100,59
78.9289,100,59
78.67101,100,59
78.47782,100,59
78.26087,100,59
78.1204,100,59
78.05436,100,59
77.88837,100,59
77.77955,100,59
77.57526,100,59
77.5651,100,59
77.4098,100,59
77.16544,100,59
77.1208,100,59
76.996,100,59
76.92954,100,59
76.73998,100,59
75.62079,22,59
75.13708,100,59
74.4047,100,59
73.97187,100,59
73.67542,100,59
72.94229,100,59
72.72159,100,59
72.64201,100,59
72.40948,100,59
72.07881,100,59
71.99266,100,59
71.95791,100,59
71.24861,100,59
71.13791,100,59
70.89986,100,59
70.65899,100,59
69.76288,100,59
69.42497,100,59
69.24951,100,59
69.16468,100,59
68.98347,100,59
68.7771,100,59
68.40722,100,59
68.15558,100,59
68.13349,100,59
67.9732,100,59
67.95759,100,59
67.3176,100,59
67.17566,100,59
66.64807,100,59
66.4221,100,59
66.17818,100,59
65.82529,100,59
64.85272,53,59
64.66842,100,59
64.2586,100,59
64.15449,100,59
62.64832,100,59
62.33293,100,59
61.85825,100,59
61.06951,100,59
60.93955,100,59
60.78929,100,59
60.52276,100,59
59.48324,100,59
59.18639,100,59
59.01942,100,59
58.51559,100,59
57.67225,100,59
56.83461,100,59
56.21872,100,59
56.05076,100,59
54.94021,100,59
54.84491,100,59
54.43047,100,59
54.06005,100,59
52.33129,100,59
51.54654,100,59
48.28787,100,59
47.318,100,59
46.73939,100,59
46.34278,100,59
44.74276,100,59
43.38994,0,59
43.24119,100,59
41.64554,100,59
37.60574,100,59
34.75078,100,59
34.00048,100,59
30.32944,100,59
28.88619,100,59
26.23807,100,59
22.157,100,59
21.77435,100,59
10.57073,100,59
6.723341,100,59
4.676069,100,59
3.305972,100,59
3.197361,100,59
0.3586485,100,59
100,100,56
100,100,56
100,100,56
100,100,56
100,100,56
100,100,56
100,100,56
100,100,56
100,100,56
96.75909,100,56
94.52305,100,56
92.76279,100,56
92.44659,100,56
92.30181,100,56
91.32397,100,56
88.63614,100,56
87.88354,100,56
87.61775,100,56
87.41624,100,56
87.31296,100,56
87.26889,100,56
86.16468,100,56
85.52214,100,56
85.25073,100,56
84.50143,100,56
84.3646,100,56
83.76678,100,56
83.17477,100,56
82.94051,100,56
82.28103,100,56
81.96135,100,56
81.90077,100,56
81.88435,100,56
81.76723,100,56
81.04808,100,56
80.74517,100,56
79.23377,100,56
79.20058,100,56
78.45204,100,56
78.12632,100,56
78.04022,100,56
77.61467,100,56
77.59717,100,56
77.478,100,56
77.42118,100,56
77.29794,100,56
77.24426,100,56
76.88273,100,56
76.14391,100,56
76.04681,100,56
75.90392,100,56
75.65656,100,56
75.28796,100,56
74.6208,100,56
74.04973,100,56
74.04365,100,56
74.01619,100,56
73.645,100,56
73.48436,100,56
73.43507,100,56
73.31137,100,56
73.06831,100,56
72.61863,100,56
72.47581,100,56
72.2643,100,56
70.96597,100,56
70.17984,100,56
69.50696,100,56
68.64996,100,56
68.33247,100,56
67.82172,100,56
67.36066,100,56
66.7825,100,56
66.73339,100,56
66.04276,100,56
65.89405,100,56
65.88931,100,56
64.73067,100,56
64.53584,100,56
64.14114,100,56
63.66672,100,56
63.59327,100,56
63.26438,0,56
61.52881,100,56
60.90985,100,56
58.58475,100,56
58.38126,100,56
58.32306,100,56
56.80429,100,56
56.17147,100,56
55.8735,100,56
54.09442,100,56
54.08368,100,56
53.61082,99,56
53.31694,100,56
52.89572,100,56
52.60206,100,56
52.51988,100,56
52.40173,100,56
52.03924,100,56
50.32348,100,56
49.42566,100,56
49.37959,100,56
48.66474,100,56
47.86158,100,56
41.82813,100,56
41.49253,100,56
38.23532,100,56
37.99803,100,56
37.79205,100,56
34.97096,100,56
33.65475,100,56
32.71565,100,56
26.16438,100,56
16.74574,100,56
15.5526,100,56
13.08463,100,56
13.03744,100,56
11.28904,100,56
10.99438,100,56
5.504691,100,56
100,100,53
100,100,53
86.61029,100,53
85.57601,100,53
82.52284,100,53
81.15505,100,53
80.97335,100,53
80.12839,100,53
78.1789,100,53
75.96453,100,53
75.0562,100,53
70.76846,100,53
69.12527,100,53
68.01758,100,53
67.70736,100,53
66.39431,100,53
65.55845,100,53
63.12609,100,53
62.92683,100,53
62.41531,100,53
55.91914,100,53
54.80288,100,53
42.17189,100,53
40.62686,100,53
40.11329,100,53
39.24123,100,53
38.03619,100,53
26.67927,100,53
19.96968,100,53
14.57642,100,53
8.480034,100,53
5.153245,100,53
3.713365,100,53
100,100,50
100,100,50
100,100,50
81.72906,100,50
77.89179,100,50
76.05704,100,50
74.6434,100,50
72.96293,100,50
70.87893,100,50
67.19337,100,50
66.72289,100,50
66.40677,100,50
64.4503,100,50
60.98586,11,50
56.33299,41,50
52.93964,100,50
52.534,100,50
51.39131,100,50
45.79313,100,50
43.71247,100,50
42.47786,100,50
32.06689,100,50
29.09047,100,50
24.41043,100,50
23.60665,100,50
19.47561,100,50
17.86798,100,50
74.52608,100,48
53.04515,100,48
40.95419,100,48
36.47879,100,48
31.07398,85,48
24.44416,100,48
14.04783,100,48
11.26136,100,48
8.828267,100,48
39.76918,100,42
11.91962,100,42
36.4511,100,39
100,100,31
100,100,31
100,100,31
100,100,31
100,14,31
100,100,31
100,100,31
100,100,31
100,100,31
100,100,31
100,100,31
100,100,31
100,100,31
100,100,31
100,100,31
100,100,31
100,100,31
100,100,31
100,100,31
100,100,31
100,100,31
100,100,31
100,100,31
100,62,31
100,100,31
100,100,31
100,100,31
100,100,31
100,100,31
100,100,31
100,100,31
100,100,31
100,100,31
100,100,31
100,100,31
100,0,31
100,100,31
100,100,31
100,100,31
100,100,31
100,100,31
100,100,31
100,100,31
100,100,31
100,100,31
100,100,31
100,100,31
100,100,31
100,100,31
100,100,31
100,100,31
100,100,31
100,100,31
100,100,31
100,100,31
100,92,31
100,25,31
100,100,31
100,100,31
100,100,31
100,100,31
100,100,31
100,100,31
100,100,31
100,100,31
100,100,31
100,100,31
100,100,31
100,100,31
100,100,31
100,100,31
100,100,31
100,100,31
100,100,31
100,100,31
100,100,31
100,100,31
100,100,31
100,100,31
100,100,31
100,100,31
100,100,31
100,100,31
100,100,31
100,100,31
100,100,31
100,100,31
100,100,31
100,100,31
100,100,31
100,100,31
100,100,31
100,100,31
100,100,31
100,100,31
100,100,31
100,100,31
100,100,31
100,100,31
100,100,31
100,100,31
100,100,31
100,100,31
100,100,31
100,100,31
100,100,31
100,100,31
100,100,31
100,100,31
100,29,31
100,100,31
100,100,31
100,100,31
100,0,31
100,100,31
99.81018,19,31
99.02843,100,31
98.65401,100,31
98.56154,100,31
98.12539,100,31
97.82541,0,31
97.76161,100,31
97.3514,100,31
97.32471,100,31
96.83704,100,31
96.75097,100,31
96.47996,100,31
96.17526,100,31
95.33554,100,31
94.90074,100,31
94.49268,100,31
93.88232,100,31
93.59058,100,31
93.54317,100,31
93.41975,100,31
92.61321,100,31
92.51025,100,31
92.42483,100,31
92.09436,100,31
91.67106,100,31
91.46683,100,31
91.42754,100,31
90.95409,100,31
90.49356,100,31
90.30002,100,31
90.10625,100,31
90.06997,100,31
90.00946,100,31
90.00638,100,31
89.88308,100,31
89.84905,100,31
89.38044,100,31
89.2391,100,31
89.11009,100,31
88.75685,100,31
88.39724,100,31
88.1889,100,31
87.69773,100,31
87.24655,100,31
87.21906,100,31
86.55215,100,31
86.34762,100,31
85.74621,100,31
85.49776,100,31
84.46096,100,31
84.32185,100,31
84.28591,100,31
83.90199,100,31
83.74867,100,31
83.62966,100,31
83.3413,100,31
83.31995,100,31
83.22729,100,31
83.22552,100,31
83.06448,100,31
82.84518,100,31
82.59438,100,31
82.28484,100,31
82.18845,100,31
82.07827,100,31
81.93543,100,31
81.41377,100,31
81.31017,100,31
81.05604,100,31
80.99833,100,31
80.82891,100,31
80.66544,100,31
80.50236,100,31
80.44056,100,31
80.12456,100,31
80.01926,100,31
79.96473,100,31
79.4145,100,31
78.52117,100,31
78.5176,100,31
78.10742,100,31
78.09969,100,31
77.80921,100,31
77.36311,100,31
76.70982,100,31
76.67859,100,31
76.50111,100,31
76.43459,100,31
76.43123,100,31
76.01971,100,31
75.57454,100,31
75.51913,100,31
75.49863,100,31
75.09805,100,31
75.09443,100,31
74.9582,100,31
74.84314,100,31
74.795,100,31
74.77771,0,31
74.76171,100,31
74.7027,100,31
74.20274,100,31
73.69834,100,31
73.58157,100,31
73.49615,100,31
73.28615,100,31
73.23124,100,31
72.93944,100,31
72.92406,100,31
72.76116,100,31
72.3387,100,31
72.30362,100,31
72.1894,100,31
71.79793,100,31
71.6758,100,31
71.57121,100,31
71.30537,100,31
71.15807,100,31
71.06974,100,31
71.01155,100,31
70.53963,100,31
70.26093,100,31
70.06219,100,31
70.0014,100,31
69.77333,100,31
69.56126,38,31
69.54292,100,31
69.4323,100,31
69.1939,100,31
69.15147,100,31
69.05379,100,31
68.53851,100,31
68.30203,100,31
68.21673,0,31
68.09456,100,31
68.00333,100,31
67.95116,100,31
67.91515,100,31
67.7739,100,31
67.77204,100,31
67.04813,100,31
66.95689,100,31
66.84944,100,31
66.83505,100,31
66.62626,100,31
66.43954,100,31
66.27293,100,31
66.25336,100,31
66.25311,100,31
66.11437,100,31
65.96513,100,31
65.93369,100,31
65.92116,0,31
65.8354,100,31
65.8181,100,31
65.75902,100,31
65.67911,100,31
65.5927,100,31
65.52934,100,31
64.96207,100,31
64.45479,100,31
64.38772,100,31
64.20181,100,31
64.16892,100,31
64.04683,100,31
63.51321,100,31
63.25928,100,31
62.97469,0,31
62.92924,100,31
62.34733,100,31
62.12824,100,31
62.0309,100,31
62.027,100,31
61.94126,100,31
61.83335,100,31
61.50038,100,31
61.10054,100,31
60.79212,100,31
60.54354,100,31
60.23003,100,31
60.07711,100,31
60.05095,100,31
59.87677,100,31
59.67428,100,31
59.34341,100,31
59.17951,100,31
59.06363,100,31
58.86724,100,31
58.62502,100,31
58.43966,100,31
58.42144,100,31
57.5991,100,31
57.54831,100,31
56.62001,100,31
56.06779,100,31
56.04426,100,31
56.01976,100,31
55.66835,100,31
54.65581,84,31
54.29668,100,31
54.26835,100,31
53.63865,100,31
53.55083,5,31
53.36612,100,31
53.05515,100,31
53.05073,100,31
52.97974,100,31
52.60368,100,31
52.09351,100,31
51.83424,100,31
51.71312,100,31
51.511,0,31
51.45882,100,31
51.402,100,31
51.33741,100,31
51.19144,100,31
50.93681,100,31
50.12349,100,31
50.11879,0,31
49.96833,100,31
49.80985,100,31
49.58745,100,31
48.84844,100,31
48.5459,100,31
48.17673,100,31
48.12623,100,31
47.66244,100,31
46.40952,100,31
46.38207,100,31
46.15206,100,31
45.902,100,31
45.5228,100,31
45.50015,100,31
45.42946,100,31
45.37165,100,31
45.20395,100,31
44.08901,100,31
43.5514,100,31
42.94127,100,31
41.66496,100,31
41.31614,100,31
41.0755,100,31
40.98143,0,31
40.78087,100,31
40.70236,100,31
39.65561,100,31
38.65366,100,31
37.35936,100,31
36.82468,100,31
36.27134,100,31
35.39571,100,31
34.61846,100,31
34.10261,100,31
33.5716,100,31
32.97419,100,31
30.78293,100,31
30.72816,100,31
30.69487,100,31
28.93254,100,31
28.15246,100,31
26.27505,100,31
26.18737,100,31
26.00295,100,31
24.98605,100,31
24.64311,100,31
24.21186,100,31
22.51594,100,31
18.00223,100,31
15.01984,100,31
10.08353,100,31
7.159727,100,31
7.012348,100,31
6.889668,100,31
3.815742,100,31
0.4977726,100,31
100,100,28
100,100,28
100,100,28
100,100,28
100,100,28
100,100,28
100,100,28
100,100,28
100,100,28
100,100,28
100,100,28
100,100,28
100,100,28
100,100,28
100,100,28
100,100,28
100,100,28
100,100,28
100,100,28
100,100,28
100,100,28
100,100,28
100,100,28
100,100,28
100,100,28
100,100,28
100,0,28
100,100,28
99.16917,100,28
91.937,100,28
88.29486,100,28
83.33575,100,28
82.22069,100,28
78.83951,100,28
78.16616,100,28
76.28334,100,28
74.43245,100,28
71.10574,0,28
70.77216,100,28
68.94312,100,28
64.46191,100,28
63.28991,100,28
63.28299,100,28
62.89181,100,28
60.06406,100,28
59.97659,100,28
59.95185,100,28
59.71304,100,28
57.54478,100,28
56.95134,100,28
56.90463,100,28
56.52574,100,28
55.80347,0,28
55.345,100,28
55.19962,100,28
55.17853,100,28
54.93392,100,28
54.91847,100,28
54.16157,100,28
53.49214,100,28
53.20271,100,28
53.14495,100,28
52.50538,100,28
51.52919,100,28
51.47849,100,28
51.44895,100,28
51.43785,100,28
49.989,100,28
47.6216,100,28
46.51878,100,28
44.15414,100,28
42.00159,100,28
40.5034,100,28
39.81011,100,28
38.18192,100,28
38.1755,100,28
37.62473,100,28
29.79965,100,28
28.54411,100,28
28.16507,100,28
27.4055,100,28
25.29697,100,28
25.03239,100,28
24.6555,100,28
23.87002,100,28
22.19958,100,28
21.88111,100,28
19.13503,100,28
17.95608,100,28
16.61879,100,28
15.8367,100,28
14.57893,0,28
14.50369,100,28
11.78374,100,28
7.408132,100,28
5.145154,100,28
4.139886,100,28
3.172976,100,28
3.081742,100,28
2.968343,100,28
2.247773,100,28
0.5705503,100,28
100,100,25
100,100,25
100,100,25
100,100,25
100,100,25
100,36,25
100,100,25
100,100,25
100,100,25
100,100,25
100,100,25
100,0,25
100,100,25
100,100,25
100,100,25
100,100,25
100,100,25
100,100,25
100,100,25
100,100,25
100,100,25
100,100,25
87.6855,100,25
85.19027,100,25
81.65592,100,25
75.32215,100,25
71.12287,100,25
69.61609,100,25
69.36408,100,25
69.20808,100,25
68.20818,100,25
63.73217,100,25
63.31049,100,25
61.34056,100,25
58.32603,25,25
52.81099,100,25
51.15115,100,25
50.83277,100,25
50.54201,100,25
50.04696,100,25
49.59039,100,25
49.36857,100,25
49.009,100,25
48.92046,100,25
48.76658,100,25
48.20456,100,25
48.11012,100,25
47.63715,100,25
47.19126,100,25
46.49041,100,25
46.46556,100,25
46.26415,100,25
45.66343,100,25
45.45034,100,25
45.42664,100,25
45.13279,100,25
44.62962,100,25
44.45468,100,25
44.45132,100,25
44.31635,100,25
43.79136,100,25
43.37496,100,25
43.23333,100,25
43.13873,100,25
41.40251,100,25
40.58033,100,25
40.4589,100,25
40.16954,100,25
39.38709,100,25
38.76989,100,25
38.65219,100,25
38.5241,100,25
37.8313,100,25
37.69537,100,25
37.54017,100,25
37.50485,100,25
37.12645,100,25
36.83578,100,25
36.54676,100,25
36.37039,100,25
36.35854,100,25
36.18871,100,25
35.43665,100,25
35.41824,100,25
35.06089,100,25
34.94696,100,25
34.28623,100,25
33.91295,100,25
33.89293,100,25
33.74923,100,25
33.72937,100,25
33.09643,100,25
32.82301,100,25
32.37214,100,25
31.72367,100,25
31.41364,100,25
31.34501,100,25
31.06873,100,25
30.89392,100,25
30.00696,100,25
29.80085,100,25
29.60688,100,25
28.74982,100,25
28.55361,100,25
28.27275,100,25
27.94841,100,25
26.94724,100,25
26.80899,100,25
26.51448,100,25
23.99078,100,25
22.21815,100,25
21.07115,100,25
21.04815,100,25
18.04955,100,25
17.4459,100,25
14.57229,100,25
13.69816,100,25
2.93571,100,25
1.270011,100,25
100,100,23
100,100,23
100,100,23
100,100,23
100,100,23
100,100,23
100,100,23
89.87038,100,23
78.3814,100,23
78.05769,100,23
73.72557,100,23
60.08528,0,23
59.61078,100,23
56.33838,100,23
53.87344,100,23
49.8062,100,23
45.98759,100,23
45.92081,100,23
45.75813,100,23
45.55198,100,23
43.36953,100,23
43.11594,100,23
39.45473,0,23
38.84458,100,23
37.85341,100,23
37.76088,100,23
36.2538,100,23
36.13102,100,23
35.44101,100,23
34.66122,100,23
34.64038,97,23
34.06309,100,23
33.70119,100,23
32.68214,100,23
31.47035,0,23
31.00119,100,23
30.44839,100,23
27.45138,100,23
26.49162,0,23
26.14397,100,23
25.85803,100,23
25.70638,100,23
25.55687,100,23
25.26348,100,23
24.89659,100,23
23.45572,100,23
23.19051,100,23
23.18377,100,23
22.79218,100,23
22.6832,100,23
20.82662,100,23
20.69271,100,23
19.90382,100,23
18.81828,100,23
17.6508,100,23
17.38887,100,23
17.0213,100,23
16.01705,100,23
15.52026,100,23
13.44794,100,23
12.66051,100,23
12.36284,0,23
11.11209,100,23
9.071948,100,23
8.097933,0,23
6.317423,100,23
6.241611,100,23
5.492208,100,23
5.066563,100,23
3.949802,100,23
1.526969,100,23
1.443295,100,23
1.090942,100,23
0.7889484,100,23
0.7130697,100,23
0.4780786,100,23
0.2991275,100,23
0.1717662,100,23
0.02876806,100,23
0.008974967,100,23
0,100,23
0,100,23
100,100,20
100,100,20
100,0,20
100,100,20
100,100,20
93.83816,100,20
80.59939,100,20
68.38271,0,20
66.57961,0,20
49.64796,100,20
33.05005,100,20
32.92661,0,20
30.27655,100,20
27.01812,100,20
26.24139,100,20
24.09324,100,20
20.62441,0,20
18.75706,100,20
18.41631,100,20
17.23906,100,20
17.03492,100,20
17.02091,100,20
16.76999,100,20
16.40275,0,20
15.39017,100,20
14.01409,100,20
13.91391,100,20
13.86762,100,20
13.86491,100,20
13.83978,100,20
13.1104,100,20
13.09673,100,20
12.7112,100,20
12.0758,0,20
11.94005,100,20
11.61903,100,20
10.45561,100,20
10.43463,100,20
9.956536,100,20
9.482954,100,20
7.821637,0,20
7.29275,100,20
5.807247,100,20
5.017442,100,20
4.86565,100,20
4.787337,100,20
4.241349,100,20
2.943663,100,20
2.462801,0,20
2.327085,0,20
1.852202,100,20
1.427407,100,20
1.126427,100,20
0.9812365,100,20
0.6886761,100,20
0.001856432,100,20
0,0,20
0,100,20
0,100,20
0,100,20
0,100,20
0,100,20
0,100,20
0,0,20
0,100,20
0,100,20
0,100,20
0,100,20
0,100,17
0,100,17
0,100,17
0,100,17
0,100,17
0,100,17
0,100,17
0,0,17
0,100,17
0,100,17
0,100,17
0,100,17
0,100,17
0,100,17
0,100,17
0,100,17
0,100,17
0,100,17
0,100,17
0,100,17
0,100,17
0,100,17
0,100,17
0,100,17
0,100,17
0,100,17
0,100,17
0,100,17
0,100,17
0,100,17
0,100,17
0,100,17
0,100,17
0,100,17
0,100,17
0,100,17
0,100,17
0,100,17
0,100,17
0,100,17
0,0,17
0,100,17
0,100,17
0,100,17
0,100,17
0,0,17
0,0,17
0,100,17
0,100,17
0,0,17
0,100,17
0,100,17
0,100,17
0,100,17
0,100,17
0,0,17
0,100,17
0,100,17
0,100,17
0,100,17
0,100,17
0,100,17
0,100,17
0,100,17
0,100,17
0,100,17
0,100,17
0,100,17
0,100,17
0,0,17
0,100,17
0,100,17
0,100,17
0,100,17
0,100,17
0,100,17
0,100,17
0,100,17
0,100,17
0,100,17
0,100,17
0,100,14
0,100,14
0,100,14
0,100,14
0,100,14
0,100,14
0,100,14
0,0,14
0,100,14
0,100,14
0,0,14
0,100,14
0,100,14
0,100,14
0,0,14
0,0,14
0,100,14
0,100,14
0,100,14
0,100,14
0,100,14
0,0,14
0,100,14
0,0,14
0,100,14
0,0,14
0,100,14
0,100,14
0,0,14
0,100,14
0,100,14
0,100,14
0,100,14
0,100,14
0,0,14
0,100,14
0,100,14
0,100,14
0,100,14
0,0,14
0,100,14
0,100,14
0,100,14
0,100,14
0,100,14
0,100,14
0,100,14
0,100,14
0,100,14
0,100,12
0,100,12
0,100,12
0,100,12
0,100,12
0,100,12
0,0,12
0,100,12
0,100,12
0,100,12
0,100,12
0,100,12
0,100,12
0,100,12
0,100,12
0,100,12
0,100,12
0,0,12
0,100,12
0,0,12
0,100,12
0,100,12
0,100,12
0,0,12
0,100,12
0,0,12
0,100,12
0,100,12
0,100,12
0,0,12
0,100,12
0,100,12
0,100,12
0,100,12
0,100,12
0,100,12
0,100,12
0,100,12
0,100,12
0,100,12
0,100,12
0,0,12
0,100,9
0,100,9
0,100,9
0,100,9
0,100,9
0,100,9
0,0,9
0,100,9
0,0,9
0,100,9
0,100,9
0,100,9
0,100,9
0,0,9
0,100,9
0,100,9
0,100,9
0,100,9
0,100,9
0,100,9
0,100,9
0,100,9
0,100,9
0,100,9
0,100,9
0,100,9
0,100,9
0,100,9
0,100,9
0,100,9
0,100,9
0,100,9
0,100,9
0,100,9
0,100,9
0,100,9
0,100,9
0,0,9
0,100,9
0,100,9
0,100,9
0,100,9
0,100,9
0,100,9
0,100,9
0,100,9
0,100,9
0,0,9
0,100,9
0,100,9
0,100,9
0,100,9
0,100,9
0,100,9
0,100,9
0,100,9
0,100,9
0,100,9
0,100,9
0,100,9
0,100,9
0,100,9
0,0,9
0,100,9
0,100,9
0,100,9
0,100,9
0,100,6
0,100,6
0,100,6
0,0,6
0,100,6
0,100,6
0,100,6
0,100,6
0,0,6
0,100,6
0,100,6
0,100,6
0,100,6
0,100,6
0,100,6
0,100,6
0,100,6
0,0,6
0,0,6
0,100,6
0,0,6
0,100,6
0,100,6
0,100,6
0,0,6
0,100,6
0,0,6
0,0,6
0,100,6
0,100,6
0,0,6
0,0,6
0,100,6
0,100,6
0,100,6
0,100,6
0,100,6
0,100,6
0,100,6
0,100,6
0,100,6
0,100,6
0,100,6
0,100,6
0,100,6
0,100,6
0,100,6
0,100,6
0,100,6
0,0,6
0,0,6
0,100,6
0,100,3
0,100,3
0,100,3
0,100,3
0,100,3
0,100,3
0,100,3
0,100,3
0,100,3
0,100,3
0,100,3
0,100,3
0,100,3
0,100,3
0,100,3
0,100,3
0,100,3
0,100,3
0,100,3
0,100,3
0,0,3
0,100,3
0,100,3
0,100,3
0,100,3
0,100,3
0,100,3
0,100,3
0,100,3
0,100,3
0,0,3
0,100,3
0,100,3
0,100,3
0,100,3
0,100,3
0,100,3
0,100,3
0,100,3
0,100,0
0,100,0
0,100,0
0,100,0
0,100,0
0,100,0
0,100,0
0,100,0
0,100,0
0,100,0
0,100,0
0,100,0
0,100,0
0,0,0
0,100,0
0,100,0
0,100,0
0,100,0
0,100,0
0,100,0
0,100,0
0,100,0
0,100,0
0,100,0
0,100,0
0,100,0
0,100,0
0,100,0
0,100,0
0,100,0
0,100,0
0,100,0
0,100,0
0,100,0
0,100,0
0,100,0
0,100,0
0,100,0
0,100,0
0,100,0
0,100,0
0,100,0
0,0,0
0,100,0
0,100,0
0,100,0
0,100,0
0,100,0
0,100,0
0,100,0
0,100,0
0,100,0
0,100,0
0,100,0
0,100,0
0,100,0
0,100,0
0,100,0
0,100,0
0,100,0
0,100,0
0,100,0
0,100,0
0,100,0
0,100,0
0,100,0
0,100,0
0,100,0
0,100,0
0,100,0
0,100,0
0,100,0
0,100,0
0,100,0
0,100,0
0,100,0
0,100,0
0,100,0
0,100,0
0,100,0
0,100,0
0,100,0
0,100,0
0,100,0
0,100,0
0,100,0
0,100,0
0,100,0
0,100,0
0,100,0
0,100,0
0,100,0
0,100,0
0,100,0
0,100,0
0,100,0
0,100,0
0,100,0
0,100,0
0,100,0
0,100,0
0,0,0
0,100,0
0,100,0
0,100,0
0,100,0
0,100,0
0,100,0
0,100,0
0,100,0
0,100,0
0,100,0
0,100,0
0,100,0
0,100,0
0,100,0
0,100,0
0,100,0
0,100,0
0,100,0
0,100,0
0,100,0
0,100,0
0,100,0
0,100,0
0,100,0
0,100,0
0,100,0
0,100,0
0,100,0
0,100,0
0,100,0
0,100,0
0,100,0
0,100,0
0,100,0
0,100,0
0,100,0
0,100,0
0,100,0
0,100,0
0,100,0
0,100,0
0,100,0
0,100,0
0,100,0
0,100,0
0,100,0
0,100,0
0,100,0
0,100,0
0,100,0
0,100,0
0,100,0
0,0,0
0,100,0
0,100,0
0,100,0
0,100,0
0,100,0
0,100,0
0,100,0
0,100,0
0,100,0
0,100,0
0,100,0
0,100,0
0,100,0
0,100,0
0,100,0
0,100,0
0,100,0
0,100,0
0,100,0
0,100,0
0,100,0
0,100,0
0,100,0
0,100,0
0,100,0
0,100,0
0,100,0
0,100,0
0,100,0
0,100,0
0,100,0
0,100,0
0,100,0
0,100,0
0,100,0
0,100,0
0,100,0
0,100,0
0,100,0
0,100,0
0,100,0
0,100,0
0,100,0
0,100,0
0,100,0
0,100,0
0,100,0
0,100,0
0,100,0
0,100,0
0,100,0
0,100,0
0,100,0
0,100,0
0,100,0
0,100,0
0,100,0
0,100,0
0,100,0
0,100,0
0,100,0
0,100,0
0,100,0
0,100,0
0,100,0
0,100,0
0,100,0
0,100,0
0,100,0
0,100,0
0,100,0
0,100,0
0,100,0
0,100,0
0,100,0
0,100,0
0,100,0
0,100,0
0,100,0
0,100,0
0,100,0
0,100,0
0,100,0
0,100,0
0,100,0
0,100,0
0,100,0
0,100,0
0,100,0
0,100,0
0,100,0
0,100,0
0,100,0
0,100,0
0,100,0
0,100,0
0,100,0
0,100,0
0,100,0
0,100,0
0,100,0
0,100,0
0,100,0
0,100,0
0,100,0
0,100,0
0,100,0
0,100,0
0,100,0
0,100,0
0,100,0
0,100,0
0,100,0
0,100,0
0,100,0
0,100,0
0,0,0
0,100,0
0,100,0
0,100,0
0,100,0
0,100,0
0,100,0
0,100,0
0,0,0
0,100,0
0,100,0
0,100,0
0,100,0
0,100,0
0,100,0
0,100,0
0,100,0
0,100,0
0,100,0
0,100,0
0,100,0
0,100,0
0,100,0
0,100,0
0,100,0
0,100,0
0,100,0
0,100,0
0,100,0
0,100,0
0,100,0
0,100,0
0,100,0
0,100,0
0,100,0
0,100,0
0,100,0
0,100,0
0,100,0
0,100,0
0,100,0
0,100,0
0,100,0
0,100,0
0,100,0
0,100,0
0,100,0
0,100,0
0,100,0
0,0,0
0,100,0
0,100,0
0,100,0
0,100,0
0,100,0
0,100,0
0,100,0
0,100,0
0,100,0
0,100,0
0,100,0
0,100,0
0,100,0
0,100,0
0,100,0
0,100,0
0,100,0
0,0,0
0,100,0
0,100,0
0,100,0
0,100,0
0,100,0
0,100,0
0,100,0
0,100,0
0,100,0
0,0,0
0,100,0
0,100,0
0,100,0
0,100,0
0,100,0
0,100,0
0,100,0
0,100,0
0,0,0
0,100,0
0,100,0
0,100,0
0,100,0
0,100,0
0,100,0
0,100,0
0,100,0
0,100,0
0,100,0
0,100,0
0,100,0
0,0,0
0,100,0
0,100,0
0,100,0
0,100,0
0,100,0
0,100,0
0,100,0
0,100,0
0,100,0
0,100,0
0,100,0
0,100,0
0,100,0
0,100,0
0,100,0
0,100,0
0,100,0
0,0,0
0,100,0
0,100,0
0,100,0
0,100,0
0,100,0
0,100,0
0,100,0
0,100,0
0,100,0
0,100,0
0,100,0
0,100,0
0,100,0
0,100,0
0,100,0
0,100,0
0,100,0
0,100,0
0,100,0
0,100,0
0,100,0
0,100,0
0,100,0
0,100,0
0,100,0
0,100,0
0,100,0
0,100,0
0,100,0
0,100,0
0,100,0
0,100,0
0,100,0
0,100,0
0,100,0
0,100,0
0,100,0
0,100,0
0,100,0
0,100,0
0,100,0
0,100,0
0,100,0
0,100,0
0,100,0
0,100,0
0,0,0
0,100,0
0,100,0
0,100,0
0,100,0
0,100,0
0,100,0
0,0,0
0,100,0
0,100,0
0,100,0
0,100,0
0,100,0
0,100,0
0,100,0
0,100,0
0,100,0
0,100,0
0,100,0
0,100,0
0,100,0
0,100,0
0,100,0
0,100,0
0,100,0
0,100,0
0,100,0
0,100,0
0,100,0
0,100,0
0,0,0
0,100,0
0,100,0
0,100,0
0,100,0
0,100,0
0,100,0
0,100,0
0,100,0
0,100,0
0,100,0
0,100,0
0,100,0
0,100,0
0,100,0
0,100,0
0,100,0
0,100,0
0,100,0
0,100,0
0,100,0
0,100,0
0,100,0
0,100,0
0,100,0
0,100,0
0,100,0
0,100,0
0,100,0
0,100,0
0,100,0
0,100,0
0,100,0
0,100,0
0,100,0
0,100,0
0,100,0
0,100,0
0,100,0
0,100,0
0,100,0
0,100,0
0,100,0
0,100,0
0,100,0
0,100,0
0,100,0
0,100,0
0,100,0
0,100,0
0,100,0
0,100,0
0,100,0
0,100,0
0,100,0
0,100,0
0,100,0
0,100,0
0,100,0
0,100,0
0,100,0
0,100,0
0,100,0
0,100,0
0,100,0
0,100,0
0,100,0
0,100,0
0,100,0
0,100,0
0,100,0
0,100,0
0,100,0
0,100,0
0,100,0
0,100,0
0,100,0
0,100,0
0,100,0
0,100,0
0,100,0
0,100,0
0,100,0
